strike,bid,ask,volume,openInterest,option_type,expiry,T,S,r,q,fetched_at
700.0,62.79,66.36,638,20,call,2026-09-14,0.0025283402479705733,764.2899780273438,0.03913000106811523,0.007471333,2026-09-13T22:51:06.261940+00:00
715.0,49.39,49.54,27,14,call,2026-09-14,0.0025283402479705733,764.2899780273438,0.03913000106811523,0.007471333,2026-09-13T22:51:06.261940+00:00
720.0,44.39,44.55,33,50,call,2026-09-14,0.0025283402479705733,764.2899780273438,0.03913000106811523,0.007471333,2026-09-13T22:51:06.261940+00:00
725.0,39.4,39.55,15,59,call,2026-09-14,0.0025283402479705733,764.2899780273438,0.03913000106811523,0.007471333,2026-09-13T22:51:06.261940+00:00
730.0,34.4,34.56,5,150,call,2026-09-14,0.0025283402479705733,764.2899780273438,0.03913000106811523,0.007471333,2026-09-13T22:51:06.261940+00:00
735.0,29.41,29.57,63,193,call,2026-09-14,0.0025283402479705733,764.2899780273438,0.03913000106811523,0.007471333,2026-09-13T22:51:06.261940+00:00
740.0,24.42,24.57,113,271,call,2026-09-14,0.0025283402479705733,764.2899780273438,0.03913000106811523,0.007471333,2026-09-13T22:51:06.261940+00:00
745.0,19.44,19.59,122,556,call,2026-09-14,0.0025283402479705733,764.2899780273438,0.03913000106811523,0.007471333,2026-09-13T22:51:06.261940+00:00
750.0,14.49,14.63,828,1133,call,2026-09-14,0.0025283402479705733,764.2899780273438,0.03913000106811523,0.007471333,2026-09-13T22:51:06.261940+00:00
755.0,9.64,9.77,552,1101,call,2026-09-14,0.0025283402479705733,764.2899780273438,0.03913000106811523,0.007471333,2026-09-13T22:51:06.261940+00:00
760.0,5.13,5.2,4110,2780,call,2026-09-14,0.0025283402479705733,764.2899780273438,0.03913000106811523,0.007471333,2026-09-13T22:51:06.261940+00:00
765.0,1.63,1.65,85046,6907,call,2026-09-14,0.0025283402479705733,764.2899780273438,0.03913000106811523,0.007471333,2026-09-13T22:51:06.261940+00:00
770.0,0.22,0.23,29884,4915,call,2026-09-14,0.0025283402479705733,764.2899780273438,0.03913000106811523,0.007471333,2026-09-13T22:51:06.261940+00:00
775.0,0.02,0.03,9525,5403,call,2026-09-14,0.0025283402479705733,764.2899780273438,0.03913000106811523,0.007471333,2026-09-13T22:51:06.261940+00:00
780.0,0.0,0.01,995,3792,call,2026-09-14,0.0025283402479705733,764.2899780273438,0.03913000106811523,0.007471333,2026-09-13T22:51:06.261940+00:00
785.0,0.0,0.01,566,3801,call,2026-09-14,0.0025283402479705733,764.2899780273438,0.03913000106811523,0.007471333,2026-09-13T22:51:06.261940+00:00
790.0,0.0,0.01,105,2306,call,2026-09-14,0.0025283402479705733,764.2899780273438,0.03913000106811523,0.007471333,2026-09-13T22:51:06.261940+00:00
795.0,0.0,0.01,6,3710,call,2026-09-14,0.0025283402479705733,764.2899780273438,0.03913000106811523,0.007471333,2026-09-13T22:51:06.261940+00:00
800.0,0.0,0.01,50,5619,call,2026-09-14,0.0025283402479705733,764.2899780273438,0.03913000106811523,0.007471333,2026-09-13T22:51:06.261940+00:00
805.0,0.0,0.01,56,534,call,2026-09-14,0.0025283402479705733,764.2899780273438,0.03913000106811523,0.007471333,2026-09-13T22:51:06.261940+00:00
810.0,0.0,0.01,258,218,call,2026-09-14,0.0025283402479705733,764.2899780273438,0.03913000106811523,0.007471333,2026-09-13T22:51:06.261940+00:00
815.0,0.0,0.01,5,242,call,2026-09-14,0.0025283402479705733,764.2899780273438,0.03913000106811523,0.007471333,2026-09-13T22:51:06.261940+00:00
820.0,0.0,0.01,360,373,call,2026-09-14,0.0025283402479705733,764.2899780273438,0.03913000106811523,0.007471333,2026-09-13T22:51:06.261940+00:00
825.0,0.0,0.01,40,45,call,2026-09-14,0.0025283402479705733,764.2899780273438,0.03913000106811523,0.007471333,2026-09-13T22:51:06.261940+00:00
830.0,0.0,0.01,4,1013,call,2026-09-14,0.0025283402479705733,764.2899780273438,0.03913000106811523,0.007471333,2026-09-13T22:51:06.261940+00:00
835.0,0.0,0.01,13,22,call,2026-09-14,0.0025283402479705733,764.2899780273438,0.03913000106811523,0.007471333,2026-09-13T22:51:06.261940+00:00
840.0,0.0,0.01,40,2344,call,2026-09-14,0.0025283402479705733,764.2899780273438,0.03913000106811523,0.007471333,2026-09-13T22:51:06.261940+00:00
845.0,0.0,0.01,7,120,call,2026-09-14,0.0025283402479705733,764.2899780273438,0.03913000106811523,0.007471333,2026-09-13T22:51:06.261940+00:00
700.0,0.03,0.04,3877,20060,put,2026-09-14,0.0025283402479705733,764.2899780273438,0.03913000106811523,0.007471333,2026-09-13T22:51:06.261940+00:00
705.0,0.03,0.04,315,577,put,2026-09-14,0.0025283402479705733,764.2899780273438,0.03913000106811523,0.007471333,2026-09-13T22:51:06.261940+00:00
710.0,0.03,0.04,268,1220,put,2026-09-14,0.0025283402479705733,764.2899780273438,0.03913000106811523,0.007471333,2026-09-13T22:51:06.261940+00:00
715.0,0.04,0.05,1513,592,put,2026-09-14,0.0025283402479705733,764.2899780273438,0.03913000106811523,0.007471333,2026-09-13T22:51:06.261940+00:00
720.0,0.04,0.05,6767,2107,put,2026-09-14,0.0025283402479705733,764.2899780273438,0.03913000106811523,0.007471333,2026-09-13T22:51:06.261940+00:00
725.0,0.05,0.06,3996,2394,put,2026-09-14,0.0025283402479705733,764.2899780273438,0.03913000106811523,0.007471333,2026-09-13T22:51:06.261940+00:00
730.0,0.05,0.06,1664,5273,put,2026-09-14,0.0025283402479705733,764.2899780273438,0.03913000106811523,0.007471333,2026-09-13T22:51:06.261940+00:00
735.0,0.06,0.07,2395,2672,put,2026-09-14,0.0025283402479705733,764.2899780273438,0.03913000106811523,0.007471333,2026-09-13T22:51:06.261940+00:00
740.0,0.07,0.08,890,2703,put,2026-09-14,0.0025283402479705733,764.2899780273438,0.03913000106811523,0.007471333,2026-09-13T22:51:06.261940+00:00
745.0,0.08,0.09,2554,12002,put,2026-09-14,0.0025283402479705733,764.2899780273438,0.03913000106811523,0.007471333,2026-09-13T22:51:06.261940+00:00
750.0,0.13,0.14,6903,5835,put,2026-09-14,0.0025283402479705733,764.2899780273438,0.03913000106811523,0.007471333,2026-09-13T22:51:06.261940+00:00
755.0,0.28,0.29,13465,4101,put,2026-09-14,0.0025283402479705733,764.2899780273438,0.03913000106811523,0.007471333,2026-09-13T22:51:06.261940+00:00
760.0,0.73,0.74,35158,3086,put,2026-09-14,0.0025283402479705733,764.2899780273438,0.03913000106811523,0.007471333,2026-09-13T22:51:06.261940+00:00
765.0,2.2,2.23,129614,2511,put,2026-09-14,0.0025283402479705733,764.2899780273438,0.03913000106811523,0.007471333,2026-09-13T22:51:06.261940+00:00
770.0,5.76,5.84,3436,1582,put,2026-09-14,0.0025283402479705733,764.2899780273438,0.03913000106811523,0.007471333,2026-09-13T22:51:06.261940+00:00
775.0,10.58,10.73,596,13,put,2026-09-14,0.0025283402479705733,764.2899780273438,0.03913000106811523,0.007471333,2026-09-13T22:51:06.261940+00:00
780.0,15.58,15.74,462,15,put,2026-09-14,0.0025283402479705733,764.2899780273438,0.03913000106811523,0.007471333,2026-09-13T22:51:06.261940+00:00
785.0,19.37,22.3,106,10,put,2026-09-14,0.0025283402479705733,764.2899780273438,0.03913000106811523,0.007471333,2026-09-13T22:51:06.261940+00:00
790.0,24.57,27.31,184,8,put,2026-09-14,0.0025283402479705733,764.2899780273438,0.03913000106811523,0.007471333,2026-09-13T22:51:06.261940+00:00
795.0,28.81,32.31,34,0,put,2026-09-14,0.0025283402479705733,764.2899780273438,0.03913000106811523,0.007471333,2026-09-13T22:51:06.261940+00:00
800.0,34.21,36.0,450,52,put,2026-09-14,0.0025283402479705733,764.2899780273438,0.03913000106811523,0.007471333,2026-09-13T22:51:06.261940+00:00
700.0,64.31,64.73,24,7,call,2026-09-15,0.005268066275367834,764.2899780273438,0.03913000106811523,0.007471333,2026-09-13T22:51:06.261940+00:00
705.0,59.32,59.74,3,6,call,2026-09-15,0.005268066275367834,764.2899780273438,0.03913000106811523,0.007471333,2026-09-13T22:51:06.261940+00:00
715.0,49.34,49.75,15,9,call,2026-09-15,0.005268066275367834,764.2899780273438,0.03913000106811523,0.007471333,2026-09-13T22:51:06.261940+00:00
720.0,44.4,44.76,29,8,call,2026-09-15,0.005268066275367834,764.2899780273438,0.03913000106811523,0.007471333,2026-09-13T22:51:06.261940+00:00
725.0,39.35,39.77,4,31,call,2026-09-15,0.005268066275367834,764.2899780273438,0.03913000106811523,0.007471333,2026-09-13T22:51:06.261940+00:00
730.0,34.37,34.78,21,69,call,2026-09-15,0.005268066275367834,764.2899780273438,0.03913000106811523,0.007471333,2026-09-13T22:51:06.261940+00:00
740.0,24.44,24.83,18,113,call,2026-09-15,0.005268066275367834,764.2899780273438,0.03913000106811523,0.007471333,2026-09-13T22:51:06.261940+00:00
745.0,19.51,19.89,602,296,call,2026-09-15,0.005268066275367834,764.2899780273438,0.03913000106811523,0.007471333,2026-09-13T22:51:06.261940+00:00
750.0,14.67,15.0,763,318,call,2026-09-15,0.005268066275367834,764.2899780273438,0.03913000106811523,0.007471333,2026-09-13T22:51:06.261940+00:00
755.0,10.01,10.26,3770,515,call,2026-09-15,0.005268066275367834,764.2899780273438,0.03913000106811523,0.007471333,2026-09-13T22:51:06.261940+00:00
760.0,5.71,5.92,710,1174,call,2026-09-15,0.005268066275367834,764.2899780273438,0.03913000106811523,0.007471333,2026-09-13T22:51:06.261940+00:00
765.0,2.39,2.41,10295,2476,call,2026-09-15,0.005268066275367834,764.2899780273438,0.03913000106811523,0.007471333,2026-09-13T22:51:06.261940+00:00
770.0,0.58,0.59,7420,4789,call,2026-09-15,0.005268066275367834,764.2899780273438,0.03913000106811523,0.007471333,2026-09-13T22:51:06.261940+00:00
775.0,0.08,0.09,3553,3199,call,2026-09-15,0.005268066275367834,764.2899780273438,0.03913000106811523,0.007471333,2026-09-13T22:51:06.261940+00:00
780.0,0.01,0.02,2031,1736,call,2026-09-15,0.005268066275367834,764.2899780273438,0.03913000106811523,0.007471333,2026-09-13T22:51:06.261940+00:00
785.0,0.01,0.02,262,1086,call,2026-09-15,0.005268066275367834,764.2899780273438,0.03913000106811523,0.007471333,2026-09-13T22:51:06.261940+00:00
790.0,0.0,0.01,7897,622,call,2026-09-15,0.005268066275367834,764.2899780273438,0.03913000106811523,0.007471333,2026-09-13T22:51:06.261940+00:00
795.0,0.0,0.01,21,2661,call,2026-09-15,0.005268066275367834,764.2899780273438,0.03913000106811523,0.007471333,2026-09-13T22:51:06.261940+00:00
800.0,0.0,0.01,32,417,call,2026-09-15,0.005268066275367834,764.2899780273438,0.03913000106811523,0.007471333,2026-09-13T22:51:06.261940+00:00
805.0,0.0,0.01,1,117,call,2026-09-15,0.005268066275367834,764.2899780273438,0.03913000106811523,0.007471333,2026-09-13T22:51:06.261940+00:00
810.0,0.0,0.01,905,505,call,2026-09-15,0.005268066275367834,764.2899780273438,0.03913000106811523,0.007471333,2026-09-13T22:51:06.261940+00:00
815.0,0.0,0.01,1,11,call,2026-09-15,0.005268066275367834,764.2899780273438,0.03913000106811523,0.007471333,2026-09-13T22:51:06.261940+00:00
825.0,0.0,0.01,1,15,call,2026-09-15,0.005268066275367834,764.2899780273438,0.03913000106811523,0.007471333,2026-09-13T22:51:06.261940+00:00
835.0,0.0,0.01,13,38,call,2026-09-15,0.005268066275367834,764.2899780273438,0.03913000106811523,0.007471333,2026-09-13T22:51:06.261940+00:00
695.0,0.05,0.06,4,4061,put,2026-09-15,0.005268066275367834,764.2899780273438,0.03913000106811523,0.007471333,2026-09-13T22:51:06.261940+00:00
700.0,0.05,0.06,51,3738,put,2026-09-15,0.005268066275367834,764.2899780273438,0.03913000106811523,0.007471333,2026-09-13T22:51:06.261940+00:00
705.0,0.06,0.07,5,1088,put,2026-09-15,0.005268066275367834,764.2899780273438,0.03913000106811523,0.007471333,2026-09-13T22:51:06.261940+00:00
710.0,0.07,0.08,211,2278,put,2026-09-15,0.005268066275367834,764.2899780273438,0.03913000106811523,0.007471333,2026-09-13T22:51:06.261940+00:00
715.0,0.07,0.08,54,270,put,2026-09-15,0.005268066275367834,764.2899780273438,0.03913000106811523,0.007471333,2026-09-13T22:51:06.261940+00:00
720.0,0.08,0.09,36,199,put,2026-09-15,0.005268066275367834,764.2899780273438,0.03913000106811523,0.007471333,2026-09-13T22:51:06.261940+00:00
725.0,0.09,0.1,37,844,put,2026-09-15,0.005268066275367834,764.2899780273438,0.03913000106811523,0.007471333,2026-09-13T22:51:06.261940+00:00
730.0,0.1,0.11,101,587,put,2026-09-15,0.005268066275367834,764.2899780273438,0.03913000106811523,0.007471333,2026-09-13T22:51:06.261940+00:00
735.0,0.12,0.13,1076,1884,put,2026-09-15,0.005268066275367834,764.2899780273438,0.03913000106811523,0.007471333,2026-09-13T22:51:06.261940+00:00
740.0,0.16,0.17,855,1397,put,2026-09-15,0.005268066275367834,764.2899780273438,0.03913000106811523,0.007471333,2026-09-13T22:51:06.261940+00:00
745.0,0.22,0.23,1682,2189,put,2026-09-15,0.005268066275367834,764.2899780273438,0.03913000106811523,0.007471333,2026-09-13T22:51:06.261940+00:00
750.0,0.36,0.37,8621,2350,put,2026-09-15,0.005268066275367834,764.2899780273438,0.03913000106811523,0.007471333,2026-09-13T22:51:06.261940+00:00
755.0,0.65,0.66,4197,10207,put,2026-09-15,0.005268066275367834,764.2899780273438,0.03913000106811523,0.007471333,2026-09-13T22:51:06.261940+00:00
760.0,1.32,1.33,29150,21967,put,2026-09-15,0.005268066275367834,764.2899780273438,0.03913000106811523,0.007471333,2026-09-13T22:51:06.261940+00:00
765.0,2.9,2.92,21933,1874,put,2026-09-15,0.005268066275367834,764.2899780273438,0.03913000106811523,0.007471333,2026-09-13T22:51:06.261940+00:00
770.0,5.94,6.23,841,818,put,2026-09-15,0.005268066275367834,764.2899780273438,0.03913000106811523,0.007471333,2026-09-13T22:51:06.261940+00:00
775.0,10.48,10.87,333,16,put,2026-09-15,0.005268066275367834,764.2899780273438,0.03913000106811523,0.007471333,2026-09-13T22:51:06.261940+00:00
780.0,15.46,15.87,116,1,put,2026-09-15,0.005268066275367834,764.2899780273438,0.03913000106811523,0.007471333,2026-09-13T22:51:06.261940+00:00
785.0,19.37,22.32,52,0,put,2026-09-15,0.005268066275367834,764.2899780273438,0.03913000106811523,0.007471333,2026-09-13T22:51:06.261940+00:00
800.0,33.74,37.32,4,3,put,2026-09-15,0.005268066275367834,764.2899780273438,0.03913000106811523,0.007471333,2026-09-13T22:51:06.261940+00:00
